{
  "model_path": "model/checkpoints/huatuo_lora_gs/huatuo_gs_3_lr3e-04_r16_alpha64_do0.05/final",
  "test_data": "data/huatuo_formatted/huatuo_test.jsonl",
  "num_samples": 3037,
  "metrics": {
    "rouge1": 0.10510692730427877,
    "rouge2": 0.07464158237336888,
    "rougeL": 0.10417697764493283,
    "f1": 0.030454359148627683,
    "bertscore_precision": 0.7005303502082825,
    "bertscore_recall": 0.6656280755996704,
    "bertscore_f1": 0.681989848613739,
    "exact_match": 0.0
  }
}