{
  "model_path": "model/checkpoints/aimc_lora_gs/aimc_gs_4_lr2.0e-04_r12_alpha48_do0.15/final",
  "test_data": "data/aimc_formatted/aimc_test.jsonl",
  "num_samples": 3037,
  "metrics": {
    "rouge1": 0.3658504164299374,
    "rouge2": 0.30993565238660337,
    "rougeL": 0.36021302099535896,
    "f1": 0.39210022282737095,
    "bertscore_precision": 0.7327075004577637,
    "bertscore_recall": 0.5610480308532715,
    "bertscore_f1": 0.6196514368057251,
    "exact_match": 0.1399407309845242
  }
}