{
  "model_path": "model/checkpoints/huatuo_lora_gs/huatuo_gs_2_lr5e-04_r24_alpha96_do0.05/final",
  "test_data": "data/huatuo_formatted/huatuo_test.jsonl",
  "num_samples": 3037,
  "metrics": {
    "rouge1": 0.11901870172037064,
    "rouge2": 0.08658945440102433,
    "rougeL": 0.11794554389384287,
    "f1": 0.035055748662870596,
    "bertscore_precision": 0.7055132985115051,
    "bertscore_recall": 0.6724804639816284,
    "bertscore_f1": 0.6880268454551697,
    "exact_match": 0.0
  }
}