{
  "model_path": "model/checkpoints/huatuo_lora_gs/huatuo_gs_4_lr5e-04_r8_alpha32_do0.05/final",
  "test_data": "data/huatuo_formatted/huatuo_test.jsonl",
  "num_samples": 3037,
  "metrics": {
    "rouge1": 0.09981704790120949,
    "rouge2": 0.07424500305389986,
    "rougeL": 0.09906535106708855,
    "f1": 0.028977293916595304,
    "bertscore_precision": 0.701879620552063,
    "bertscore_recall": 0.6618741750717163,
    "bertscore_f1": 0.6806421875953674,
    "exact_match": 0.0
  }
}