{
  "model_path": "model/checkpoints/aimc_lora_gs/aimc_gs_3_lr2.0e-04_r12_alpha48_do0.05/final",
  "test_data": "data/aimc_formatted/aimc_test.jsonl",
  "num_samples": 3037,
  "metrics": {
    "rouge1": 0.32937146545140134,
    "rouge2": 0.2680538122399718,
    "rougeL": 0.3225391774032308,
    "f1": 0.3589518452961967,
    "bertscore_precision": 0.7142347097396851,
    "bertscore_recall": 0.5382398962974548,
    "bertscore_f1": 0.6001297831535339,
    "exact_match": 0.1231478432663813
  }
}